SubRegion,PfPR2_10_mean_2015_2024
Acholi,0.4067898988723755
Ankole,0.10940087586641312
Bugisu,0.1956838220357895
Bukedi,0.26073962450027466
Bunyoro,0.2677662670612335
Busoga,0.32531124353408813
Kampala,0.09306643903255463
Karamoja,0.39452654123306274
Kigezi,0.09380943328142166
Lango,0.37816470861434937
North Buganda,0.196787491440773
South Buganda,0.13740593194961548
Teso,0.3808019459247589
Tooro,0.16510863602161407
West Nile,0.26058366894721985
