Df,SumOfSqs,F,Pr(>F)
3,1.8144732836034336e-5,4.499140961193715,0.0268
11,1.478742000735342e-5,NA,NA
