Df,SumOfSqs,F,Pr(>F)
1,1.5295204177355502e-5,11.377728222181105,0.0049
1,2.6558402495765625e-6,1.9756145920528845,0.1873
1,1.9368840910226836e-7,0.14408006934715256,0.7093
11,1.478742000735342e-5,NA,NA
