model,term,beta,se,OR_per_plus10pct,OR_95CI_low,OR_95CI_high
beta_binomial_glmmTMB,malaria10,0.27350596426876533,0.02846626020468975,1.3145651996088374,1.2432290833088633,1.389994561117667
