n_pairs,intercept,slope,slope_se,slope_p,r2
105,-0.06138309884486248,0.013781522520547939,0.0026865156480958873,1.3687715047025025e-6,0.20349992200978181
