slope_boot_mean,slope_ci_low,slope_ci_high
0.014102924539484911,0.008608906688712434,0.020989200448978403
